{"cameraMode":{"drawMode":0,"name":"Shaded","section":"Shading Mode"},"sceneLighting":true,"audioPlay":false,"sceneViewState":{"m_AlwaysRefresh":false,"showFog":true,"showSkybox":true,"showFlares":true,"showImageEffects":true,"showParticleSystems":true,"showVisualEffectGraphs":true,"m_FxEnabled":true},"in2DMode":false,"pivot":{"x":-1.4887388944625855,"y":-1.1454278230667115,"z":0.03888373076915741},"rotation":{"x":-0.2871978282928467,"y":0.43246787786483767,"z":-0.1476026177406311,"w":-0.841792106628418},"size":2.1860437393188478,"orthographic":false}