{"cameraMode":{"drawMode":0,"name":"Shaded","section":"Shading Mode"},"sceneLighting":true,"audioPlay":false,"sceneViewState":{"m_AlwaysRefresh":false,"showFog":true,"showSkybox":true,"showFlares":true,"showImageEffects":true,"showParticleSystems":true,"showVisualEffectGraphs":true,"m_FxEnabled":true},"in2DMode":false,"pivot":{"x":0.2824864387512207,"y":-0.8181991577148438,"z":21.424930572509767},"rotation":{"x":0.06235335394740105,"y":0.004486786667257547,"z":-0.0003374936350155622,"w":0.9979602098464966},"size":12.669951438903809,"orthographic":false}