{"cameraMode":{"drawMode":0,"name":"Shaded","section":"Shading Mode"},"sceneLighting":true,"audioPlay":false,"sceneViewState":{"m_AlwaysRefresh":false,"showFog":true,"showSkybox":true,"showFlares":true,"showImageEffects":true,"showParticleSystems":true,"showVisualEffectGraphs":true,"m_FxEnabled":true},"in2DMode":false,"pivot":{"x":-2.7648255825042726,"y":-0.5840194225311279,"z":19.53045654296875},"rotation":{"x":0.04730851948261261,"y":-0.055407553911209109,"z":0.002570532727986574,"w":0.9972571134567261},"size":12.669951438903809,"orthographic":false}