{"cameraMode":{"drawMode":0,"name":"Shaded","section":"Shading Mode"},"sceneLighting":true,"audioPlay":false,"sceneViewState":{"m_AlwaysRefresh":false,"showFog":true,"showSkybox":true,"showFlares":true,"showImageEffects":true,"showParticleSystems":true,"showVisualEffectGraphs":true,"m_FxEnabled":true},"in2DMode":false,"pivot":{"x":-0.454079806804657,"y":-1.8544127941131592,"z":18.95071792602539},"rotation":{"x":0.07731641083955765,"y":-0.001500337733887136,"z":0.00005475366924656555,"w":0.9969242215156555},"size":12.669951438903809,"orthographic":false}