{"cameraMode":{"drawMode":0,"name":"Shaded","section":"Shading Mode"},"sceneLighting":true,"audioPlay":false,"sceneViewState":{"m_AlwaysRefresh":false,"showFog":true,"showSkybox":true,"showFlares":true,"showImageEffects":true,"showParticleSystems":true,"showVisualEffectGraphs":true,"m_FxEnabled":true},"in2DMode":false,"pivot":{"x":0.18286782503128053,"y":2.53964900970459,"z":2.1190829277038576},"rotation":{"x":-0.23443663120269776,"y":-0.07225891202688217,"z":0.017410485073924066,"w":-0.9692338109016419},"size":0.8139563202857971,"orthographic":false}